<?xml version="1.0" encoding="UTF-8"?>
<beans xmlns="http://www.springframework.org/schema/beans"
	xmlns:xsi="http://www.w3.org/2001/XMLSchema-instance" xmlns:security="http://www.springframework.org/schema/security"
	xmlns:context="http://www.springframework.org/schema/context"
	xsi:schemaLocation="
           http://www.springframework.org/schema/beans
           http://www.springframework.org/schema/beans/spring-beans.xsd
           http://www.springframework.org/schema/security
           http://www.springframework.org/schema/security/spring-security.xsd
           http://www.springframework.org/schema/context
           http://www.springframework.org/schema/context/spring-context.xsd">


	<context:component-scan base-package="org.cloudfoundry.community.helloworldservice" />

	<bean id="encoder"
		class="org.springframework.security.crypto.bcrypt.BCryptPasswordEncoder" />

	<security:http auto-config='true'>
		<security:intercept-url pattern="/**"
			access="hasRole('ROLE_USER')" />
		<security:http-basic />
	</security:http>

	<security:authentication-manager>
		<security:authentication-provider
			ref="authenticationProvider" />
	</security:authentication-manager>

	<bean id="authenticationProvider"
		class="org.cloudfoundry.community.helloworldservice.auth.SimpleAuthenticationProvider" />

</beans>