<?xml version="1.0" encoding="UTF-8"?>
<beans xmlns="http://www.springframework.org/schema/beans"
	xmlns:xsi="http://www.w3.org/2001/XMLSchema-instance" xmlns:util="http://www.springframework.org/schema/util"
	xsi:schemaLocation="http://www.springframework.org/schema/beans http://www.springframework.org/schema/beans/spring-beans.xsd
        http://www.springframework.org/schema/util http://www.springframework.org/schema/util/spring-util.xsd">

	<!-- Hello World Catalog instance and supporting data/beans -->
	<bean id="helloworldCatalog" class="com.pivotal.cf.broker.model.Catalog">
		<constructor-arg name="services" ref="helloworldServiceDefinitions" />
	</bean>

	<util:list id="helloworldServiceDefinitions">
		<ref bean="helloworldServiceDefinition" />
	</util:list>

	<bean id="helloworldServiceDefinition" class="com.pivotal.cf.broker.model.ServiceDefinition">
		<constructor-arg name="id" value="helloworld" />
		<constructor-arg name="name" value="helloworldService" />
		<constructor-arg name="description" value="helloworld Service Instances" />
		<constructor-arg name="bindable" value="true" />
		<constructor-arg name="plans" ref="helloworldPlans" />
		<property name="tags" ref="helloworldTags" />
		<property name="metadata" ref="metaData" />
	</bean>

	<util:list id="helloworldPlans">
		<ref bean="helloworld-plan" />
	</util:list>

	<bean id="helloworld-plan" class="com.pivotal.cf.broker.model.Plan">
		<constructor-arg name="id" value="hello-world" />
		<constructor-arg name="name" value="hello-world" />
		<constructor-arg name="description"
			value="This is the (only) helloworld plan." />
		<!-- <property name="metadata" ref="planMetaData"/> -->
	</bean>

	<util:list id="helloworldTags">
		<value>helloworld</value>
		<value>rdbms</value>
	</util:list>

	<util:map id="metaData">
		<entry key="displayName" value="HelloWorld" />
		<!-- <entry key="imageUrl" value="http://findicons.com/files/icons/144/web/128/earth.png"/> -->
		<entry key="imageUrl" value="" />
		<entry key="longDescription" value="HelloWorld Service" />
		<entry key="providerDisplayName" value="Pivotal" />
		<entry key="documentationUrl" value="http://www.example.com" />
		<entry key="supportUrl" value="http://www.example.com" />
	</util:map>

	<util:map id="planMetaData">
		<entry key="displayName" value="free plan" />
		<entry key="bullets" value-ref="bullets" />
		<entry key="costs" value-ref="costs" />
	</util:map>

	<util:list id="bullets">
		<value>free</value>
	</util:list>

	<util:list id="costs">
		<ref bean="cost" />
	</util:list>

	<util:map id="cost">
		<entry key="amount" value-ref="usd" />
		<entry key="unit" value="FREE" />
	</util:map>

	<util:map id="usd">
		<entry key="usd" value="0" />
	</util:map>

</beans>