<?xml version="1.0" encoding="UTF-8"?>
<beans xmlns="http://www.springframework.org/schema/beans"
	xmlns:xsi="http://www.w3.org/2001/XMLSchema-instance" xmlns:security="http://www.springframework.org/schema/security"
	xsi:schemaLocation="
           http://www.springframework.org/schema/beans
           http://www.springframework.org/schema/beans/spring-beans.xsd
		   http://www.springframework.org/schema/security http://www.springframework.org/schema/security/spring-security.xsd">

	<bean id="encoder"
		class="org.springframework.security.crypto.bcrypt.BCryptPasswordEncoder" />

	<security:http auto-config='true'>
		<security:intercept-url pattern="/**"
			access="hasRole('ROLE_USER')" />
		<security:http-basic />
	</security:http>

	<security:authentication-manager>
		<security:authentication-provider
			ref="authenticationProvider" />
	</security:authentication-manager>

	<bean id="authenticationProvider"
		class="com.pivotal.cf.broker.auth.ReverseAuthenticationProvider" />

</beans>